abstract data type,
abstract method,
abstraction,
agent architecture,
agent-based model,
aggregate function,
agile software development,
algorithm,
algorithm design,
algorithm efficiency,
ASCII,
API,
application software,
array data structure,
artifact,
artificial intelligence,
AI,
assertion,
associative array,
automata theory,
automated reasoning,
bandwidth,
Bayesian programming,
benchmark,
best case,
worst case,
average case,
big data,
big O notaion,
binary number,
binary search algorithm,
binary tree,
bioinformatics,
bit,
bit rate,
blacklist,
BMP file formate,
Boolean data type,
Boolean expression,
Boolean algebra,
byte,
boosting,
callback,
CPU,
character,
cipher,
class,
class-based programming,
class-orientation,
client,
cleanroom software engineering,
closure,
cloud computing,
code library,
coding,
coding theory,
cognitive science,
collection,
CSV,
compiler,
computability theory,
computation,
computational biology,
computational chemistry,
computational complexity theory,
computational model,
computational neuroscience,
computational physics,
computational science,
computational steering,
computer,
computer architecture,
computer data storage,
computer ethics,
computer graphics,
computer network,
computer program,
computer programming,
computer science,
computer scientist,
computer security,
computer vision,
computing,
concatenation,
Concurrency,
container,
CPS,
CC,
cryptography,
cyberbullying,
cyberspace,
daemon,
data center,
database,
data mining,
data science,
data structure,
data type,
debugging,
declaration,
derivation,
digital data,
DSP,
DES,
disk storage,
distributed computing,
divide and conquer algorithm,
DNS,
documentation,
domain,
DNS,
double-precision floating-point format,
download,
edge device,
epoch,
event,
event-driven programming,
evolutionary computing,
excutable,
execution,
exception handling,
expression,
fault-tolerant computer system,
feasibility study,
field,
filename extension,
filter,
floating point arithmetic,
for loop,
formal methods,
formal verification,
functional programming,
game theory,
GIGO,
Graphics Interchange Formate,
gigabyte,
global variable,
graph theory,
handle,
hard problem,
hash function,
hash table,
heap,
heapsort,
HCI,
identifier,
IDE,
image processing,
imperative programming,
incremental build model,
information space analysis,
information visualization,
inheritance,
input,
output,
insertion sort,
instruction cycle,
integer,
IDE,
integration testing,
IP,
intelligent agent,
interface,
internet bot,
interpreter,
invariant,
interation,
Java,
kernel,
library,
linear search,
linked list,
linker,
list,
log,
logic error,
logic programming,
machine learning,
ML,
machine vision,
MV,
mathematical logic,
matrix,
memory,
merge sort,
method,
methodology,
modem,
natural language processing,
NLP,
node,
number theory,
numerical analysis,
numerical method,
object,
object code,
object-oriented analysis and design,
object-oriented programming,
open-source software,
operating system,
optical fiber,
pair programming,
parallel computing,
parameter,
peripheral,
pointer,
postcondition,
precondition,
primary storage,
primitive data type,
procedural programming,
procedure,
program lifecycle phase,
programming language,
programming language implementation, 
programming language theory,
Prolog,
Python,
quantum computing,
queue,
quicksort,
R programming language,
radix,
record,
recursion,
reference,
reference counting,
relational database,
reliability engineering,
regression testing,
requirements analysis,
robotics,
round-off error,
router,
routing table,
run time,
run time error,
search algorithm,
secondary storage,
selection sort,
semantics,
sequence,
serializability,
serialization,
service level agreement,
set,
software,
sortware agent,
software construction,
software deployment,
software design,
software development,
software development process,
software engineering,
software maintenance,
software prototyping,
software requirements specification,
software testing,
software algorithm,
source code,
spiral model,
stack,
state,
statement,
storage,
stream,
string,
structured storage,
subroutine,
symbolic computation,
syntax,
syntax error,
system console,
technical documentation,
third-generation programming language,
top-down and bottom-up design,
tree,
type theory,
upload,
URL,
user,
user agent,
user interface,
user interface design,
variable,
virtual machine,
V-Model,
waterfall model,
Waveform Audio File Format,
web crawler,
Wi-Fi,
XHTML,
